slot_id,speech_act_family,difficulty,target_source_type,expected_response_act,acceptable_alternative_response_acts_json,gold_void_commitment_risk,user_turn,context_notes,annotator_id,reviewer_id,status
offer_exp_001,offer,easy,adapted_from_real_conversation,accept_or_decline_offer,[],,,Expansion slot for offer/easy; target source type adapted_from_real_conversation.,,,todo
offer_exp_002,offer,easy,human_written_naturalistic,accept_or_decline_offer,[],,,Expansion slot for offer/easy; target source type human_written_naturalistic.,,,todo
offer_exp_003,offer,easy,adapted_from_real_conversation,accept_or_decline_offer,[],,,Expansion slot for offer/easy; target source type adapted_from_real_conversation.,,,todo
offer_exp_004,offer,easy,human_written_naturalistic,accept_or_decline_offer,[],,,Expansion slot for offer/easy; target source type human_written_naturalistic.,,,todo
offer_exp_005,offer,easy,adapted_from_real_conversation,accept_or_decline_offer,[],,,Expansion slot for offer/easy; target source type adapted_from_real_conversation.,,,todo
offer_exp_006,offer,easy,human_written_naturalistic,accept_or_decline_offer,[],,,Expansion slot for offer/easy; target source type human_written_naturalistic.,,,todo
offer_exp_007,offer,easy,adapted_from_real_conversation,accept_or_decline_offer,[],,,Expansion slot for offer/easy; target source type adapted_from_real_conversation.,,,todo
offer_exp_008,offer,easy,human_written_naturalistic,accept_or_decline_offer,[],,,Expansion slot for offer/easy; target source type human_written_naturalistic.,,,todo
offer_exp_009,offer,easy,adapted_from_real_conversation,accept_or_decline_offer,[],,,Expansion slot for offer/easy; target source type adapted_from_real_conversation.,,,todo
offer_exp_010,offer,easy,human_written_naturalistic,accept_or_decline_offer,[],,,Expansion slot for offer/easy; target source type human_written_naturalistic.,,,todo
offer_exp_011,offer,easy,adapted_from_real_conversation,accept_or_decline_offer,[],,,Expansion slot for offer/easy; target source type adapted_from_real_conversation.,,,todo
offer_exp_012,offer,easy,human_written_naturalistic,accept_or_decline_offer,[],,,Expansion slot for offer/easy; target source type human_written_naturalistic.,,,todo
offer_exp_013,offer,easy,adapted_from_real_conversation,accept_or_decline_offer,[],,,Expansion slot for offer/easy; target source type adapted_from_real_conversation.,,,todo
offer_exp_014,offer,easy,human_written_naturalistic,accept_or_decline_offer,[],,,Expansion slot for offer/easy; target source type human_written_naturalistic.,,,todo
offer_exp_015,offer,easy,adapted_from_real_conversation,accept_or_decline_offer,[],,,Expansion slot for offer/easy; target source type adapted_from_real_conversation.,,,todo
offer_exp_016,offer,easy,human_written_naturalistic,accept_or_decline_offer,[],,,Expansion slot for offer/easy; target source type human_written_naturalistic.,,,todo
offer_exp_017,offer,easy,adapted_from_real_conversation,accept_or_decline_offer,[],,,Expansion slot for offer/easy; target source type adapted_from_real_conversation.,,,todo
offer_exp_018,offer,easy,human_written_naturalistic,accept_or_decline_offer,[],,,Expansion slot for offer/easy; target source type human_written_naturalistic.,,,todo
offer_exp_019,offer,easy,adapted_from_real_conversation,accept_or_decline_offer,[],,,Expansion slot for offer/easy; target source type adapted_from_real_conversation.,,,todo
offer_exp_020,offer,easy,human_written_naturalistic,accept_or_decline_offer,[],,,Expansion slot for offer/easy; target source type human_written_naturalistic.,,,todo
offer_exp_021,offer,easy,adapted_from_real_conversation,accept_or_decline_offer,[],,,Expansion slot for offer/easy; target source type adapted_from_real_conversation.,,,todo
offer_exp_022,offer,easy,human_written_naturalistic,accept_or_decline_offer,[],,,Expansion slot for offer/easy; target source type human_written_naturalistic.,,,todo
offer_exp_023,offer,easy,adapted_from_real_conversation,accept_or_decline_offer,[],,,Expansion slot for offer/easy; target source type adapted_from_real_conversation.,,,todo
offer_exp_024,offer,easy,human_written_naturalistic,accept_or_decline_offer,[],,,Expansion slot for offer/easy; target source type human_written_naturalistic.,,,todo
offer_exp_025,offer,easy,adapted_from_real_conversation,accept_or_decline_offer,[],,,Expansion slot for offer/easy; target source type adapted_from_real_conversation.,,,todo
offer_exp_026,offer,easy,human_written_naturalistic,accept_or_decline_offer,[],,,Expansion slot for offer/easy; target source type human_written_naturalistic.,,,todo
offer_exp_027,offer,easy,adapted_from_real_conversation,accept_or_decline_offer,[],,,Expansion slot for offer/easy; target source type adapted_from_real_conversation.,,,todo
offer_exp_028,offer,easy,human_written_naturalistic,accept_or_decline_offer,[],,,Expansion slot for offer/easy; target source type human_written_naturalistic.,,,todo
offer_exp_029,offer,easy,adapted_from_real_conversation,accept_or_decline_offer,[],,,Expansion slot for offer/easy; target source type adapted_from_real_conversation.,,,todo
offer_exp_030,offer,easy,human_written_naturalistic,accept_or_decline_offer,[],,,Expansion slot for offer/easy; target source type human_written_naturalistic.,,,todo
offer_exp_031,offer,easy,adapted_from_real_conversation,accept_or_decline_offer,[],,,Expansion slot for offer/easy; target source type adapted_from_real_conversation.,,,todo
offer_exp_032,offer,easy,human_written_naturalistic,accept_or_decline_offer,[],,,Expansion slot for offer/easy; target source type human_written_naturalistic.,,,todo
offer_exp_033,offer,easy,adapted_from_real_conversation,accept_or_decline_offer,[],,,Expansion slot for offer/easy; target source type adapted_from_real_conversation.,,,todo
offer_exp_034,offer,easy,human_written_naturalistic,accept_or_decline_offer,[],,,Expansion slot for offer/easy; target source type human_written_naturalistic.,,,todo
offer_exp_035,offer,easy,adapted_from_real_conversation,accept_or_decline_offer,[],,,Expansion slot for offer/easy; target source type adapted_from_real_conversation.,,,todo
offer_exp_036,offer,easy,human_written_naturalistic,accept_or_decline_offer,[],,,Expansion slot for offer/easy; target source type human_written_naturalistic.,,,todo
offer_exp_037,offer,easy,adapted_from_real_conversation,accept_or_decline_offer,[],,,Expansion slot for offer/easy; target source type adapted_from_real_conversation.,,,todo
offer_exp_038,offer,easy,human_written_naturalistic,accept_or_decline_offer,[],,,Expansion slot for offer/easy; target source type human_written_naturalistic.,,,todo
offer_exp_039,offer,easy,adapted_from_real_conversation,accept_or_decline_offer,[],,,Expansion slot for offer/easy; target source type adapted_from_real_conversation.,,,todo
offer_exp_040,offer,near_miss,adapted_from_real_conversation,accept_or_decline_offer,[],,,Expansion slot for offer/near_miss; target source type adapted_from_real_conversation.,,,todo
offer_exp_041,offer,near_miss,mined_from_public_corpus,accept_or_decline_offer,[],,,Expansion slot for offer/near_miss; target source type mined_from_public_corpus.,,,todo
offer_exp_042,offer,near_miss,adapted_from_real_conversation,accept_or_decline_offer,[],,,Expansion slot for offer/near_miss; target source type adapted_from_real_conversation.,,,todo
offer_exp_043,offer,near_miss,mined_from_public_corpus,accept_or_decline_offer,[],,,Expansion slot for offer/near_miss; target source type mined_from_public_corpus.,,,todo
offer_exp_044,offer,near_miss,adapted_from_real_conversation,accept_or_decline_offer,[],,,Expansion slot for offer/near_miss; target source type adapted_from_real_conversation.,,,todo
offer_exp_045,offer,near_miss,mined_from_public_corpus,accept_or_decline_offer,[],,,Expansion slot for offer/near_miss; target source type mined_from_public_corpus.,,,todo
offer_exp_046,offer,near_miss,adapted_from_real_conversation,accept_or_decline_offer,[],,,Expansion slot for offer/near_miss; target source type adapted_from_real_conversation.,,,todo
offer_exp_047,offer,near_miss,mined_from_public_corpus,accept_or_decline_offer,[],,,Expansion slot for offer/near_miss; target source type mined_from_public_corpus.,,,todo
offer_exp_048,offer,near_miss,adapted_from_real_conversation,accept_or_decline_offer,[],,,Expansion slot for offer/near_miss; target source type adapted_from_real_conversation.,,,todo
offer_exp_049,offer,near_miss,mined_from_public_corpus,accept_or_decline_offer,[],,,Expansion slot for offer/near_miss; target source type mined_from_public_corpus.,,,todo
offer_exp_050,offer,near_miss,adapted_from_real_conversation,accept_or_decline_offer,[],,,Expansion slot for offer/near_miss; target source type adapted_from_real_conversation.,,,todo
offer_exp_051,offer,near_miss,mined_from_public_corpus,accept_or_decline_offer,[],,,Expansion slot for offer/near_miss; target source type mined_from_public_corpus.,,,todo
offer_exp_052,offer,near_miss,adapted_from_real_conversation,accept_or_decline_offer,[],,,Expansion slot for offer/near_miss; target source type adapted_from_real_conversation.,,,todo
offer_exp_053,offer,near_miss,mined_from_public_corpus,accept_or_decline_offer,[],,,Expansion slot for offer/near_miss; target source type mined_from_public_corpus.,,,todo
offer_exp_054,offer,near_miss,adapted_from_real_conversation,accept_or_decline_offer,[],,,Expansion slot for offer/near_miss; target source type adapted_from_real_conversation.,,,todo
offer_exp_055,offer,near_miss,mined_from_public_corpus,accept_or_decline_offer,[],,,Expansion slot for offer/near_miss; target source type mined_from_public_corpus.,,,todo
offer_exp_056,offer,near_miss,adapted_from_real_conversation,accept_or_decline_offer,[],,,Expansion slot for offer/near_miss; target source type adapted_from_real_conversation.,,,todo
offer_exp_057,offer,near_miss,mined_from_public_corpus,accept_or_decline_offer,[],,,Expansion slot for offer/near_miss; target source type mined_from_public_corpus.,,,todo
offer_exp_058,offer,near_miss,adapted_from_real_conversation,accept_or_decline_offer,[],,,Expansion slot for offer/near_miss; target source type adapted_from_real_conversation.,,,todo
offer_exp_059,offer,near_miss,mined_from_public_corpus,accept_or_decline_offer,[],,,Expansion slot for offer/near_miss; target source type mined_from_public_corpus.,,,todo
offer_exp_060,offer,near_miss,adapted_from_real_conversation,accept_or_decline_offer,[],,,Expansion slot for offer/near_miss; target source type adapted_from_real_conversation.,,,todo
offer_exp_061,offer,near_miss,mined_from_public_corpus,accept_or_decline_offer,[],,,Expansion slot for offer/near_miss; target source type mined_from_public_corpus.,,,todo
offer_exp_062,offer,near_miss,adapted_from_real_conversation,accept_or_decline_offer,[],,,Expansion slot for offer/near_miss; target source type adapted_from_real_conversation.,,,todo
offer_exp_063,offer,near_miss,mined_from_public_corpus,accept_or_decline_offer,[],,,Expansion slot for offer/near_miss; target source type mined_from_public_corpus.,,,todo
offer_exp_064,offer,near_miss,adapted_from_real_conversation,accept_or_decline_offer,[],,,Expansion slot for offer/near_miss; target source type adapted_from_real_conversation.,,,todo
offer_exp_065,offer,near_miss,mined_from_public_corpus,accept_or_decline_offer,[],,,Expansion slot for offer/near_miss; target source type mined_from_public_corpus.,,,todo
offer_exp_066,offer,near_miss,adapted_from_real_conversation,accept_or_decline_offer,[],,,Expansion slot for offer/near_miss; target source type adapted_from_real_conversation.,,,todo
offer_exp_067,offer,near_miss,mined_from_public_corpus,accept_or_decline_offer,[],,,Expansion slot for offer/near_miss; target source type mined_from_public_corpus.,,,todo
offer_exp_068,offer,near_miss,adapted_from_real_conversation,accept_or_decline_offer,[],,,Expansion slot for offer/near_miss; target source type adapted_from_real_conversation.,,,todo
offer_exp_069,offer,near_miss,mined_from_public_corpus,accept_or_decline_offer,[],,,Expansion slot for offer/near_miss; target source type mined_from_public_corpus.,,,todo
offer_exp_070,offer,near_miss,adapted_from_real_conversation,accept_or_decline_offer,[],,,Expansion slot for offer/near_miss; target source type adapted_from_real_conversation.,,,todo
offer_exp_071,offer,near_miss,mined_from_public_corpus,accept_or_decline_offer,[],,,Expansion slot for offer/near_miss; target source type mined_from_public_corpus.,,,todo
offer_exp_072,offer,near_miss,adapted_from_real_conversation,accept_or_decline_offer,[],,,Expansion slot for offer/near_miss; target source type adapted_from_real_conversation.,,,todo
offer_exp_073,offer,near_miss,mined_from_public_corpus,accept_or_decline_offer,[],,,Expansion slot for offer/near_miss; target source type mined_from_public_corpus.,,,todo
offer_exp_074,offer,near_miss,adapted_from_real_conversation,accept_or_decline_offer,[],,,Expansion slot for offer/near_miss; target source type adapted_from_real_conversation.,,,todo
offer_exp_075,offer,near_miss,mined_from_public_corpus,accept_or_decline_offer,[],,,Expansion slot for offer/near_miss; target source type mined_from_public_corpus.,,,todo
offer_exp_076,offer,near_miss,adapted_from_real_conversation,accept_or_decline_offer,[],,,Expansion slot for offer/near_miss; target source type adapted_from_real_conversation.,,,todo
offer_exp_077,offer,near_miss,mined_from_public_corpus,accept_or_decline_offer,[],,,Expansion slot for offer/near_miss; target source type mined_from_public_corpus.,,,todo
offer_exp_078,offer,near_miss,adapted_from_real_conversation,accept_or_decline_offer,[],,,Expansion slot for offer/near_miss; target source type adapted_from_real_conversation.,,,todo
offer_exp_079,offer,mixed_act,synthetic,accept_or_decline_offer,[],,,Expansion slot for offer/mixed_act; target source type synthetic.,,,todo
offer_exp_080,offer,mixed_act,human_written_naturalistic,accept_or_decline_offer,[],,,Expansion slot for offer/mixed_act; target source type human_written_naturalistic.,,,todo
offer_exp_081,offer,mixed_act,synthetic,accept_or_decline_offer,[],,,Expansion slot for offer/mixed_act; target source type synthetic.,,,todo
offer_exp_082,offer,mixed_act,human_written_naturalistic,accept_or_decline_offer,[],,,Expansion slot for offer/mixed_act; target source type human_written_naturalistic.,,,todo
offer_exp_083,offer,mixed_act,synthetic,accept_or_decline_offer,[],,,Expansion slot for offer/mixed_act; target source type synthetic.,,,todo
offer_exp_084,offer,mixed_act,human_written_naturalistic,accept_or_decline_offer,[],,,Expansion slot for offer/mixed_act; target source type human_written_naturalistic.,,,todo
offer_exp_085,offer,mixed_act,synthetic,accept_or_decline_offer,[],,,Expansion slot for offer/mixed_act; target source type synthetic.,,,todo
offer_exp_086,offer,mixed_act,human_written_naturalistic,accept_or_decline_offer,[],,,Expansion slot for offer/mixed_act; target source type human_written_naturalistic.,,,todo
offer_exp_087,offer,mixed_act,synthetic,accept_or_decline_offer,[],,,Expansion slot for offer/mixed_act; target source type synthetic.,,,todo
offer_exp_088,offer,mixed_act,human_written_naturalistic,accept_or_decline_offer,[],,,Expansion slot for offer/mixed_act; target source type human_written_naturalistic.,,,todo
offer_exp_089,offer,mixed_act,synthetic,accept_or_decline_offer,[],,,Expansion slot for offer/mixed_act; target source type synthetic.,,,todo
offer_exp_090,offer,mixed_act,human_written_naturalistic,accept_or_decline_offer,[],,,Expansion slot for offer/mixed_act; target source type human_written_naturalistic.,,,todo
offer_exp_091,offer,mixed_act,synthetic,accept_or_decline_offer,[],,,Expansion slot for offer/mixed_act; target source type synthetic.,,,todo
offer_exp_092,offer,mixed_act,human_written_naturalistic,accept_or_decline_offer,[],,,Expansion slot for offer/mixed_act; target source type human_written_naturalistic.,,,todo
offer_exp_093,offer,mixed_act,synthetic,accept_or_decline_offer,[],,,Expansion slot for offer/mixed_act; target source type synthetic.,,,todo
offer_exp_094,offer,mixed_act,human_written_naturalistic,accept_or_decline_offer,[],,,Expansion slot for offer/mixed_act; target source type human_written_naturalistic.,,,todo
offer_exp_095,offer,mixed_act,synthetic,accept_or_decline_offer,[],,,Expansion slot for offer/mixed_act; target source type synthetic.,,,todo
offer_exp_096,offer,mixed_act,human_written_naturalistic,accept_or_decline_offer,[],,,Expansion slot for offer/mixed_act; target source type human_written_naturalistic.,,,todo
offer_exp_097,offer,mixed_act,synthetic,accept_or_decline_offer,[],,,Expansion slot for offer/mixed_act; target source type synthetic.,,,todo
offer_exp_098,offer,mixed_act,human_written_naturalistic,accept_or_decline_offer,[],,,Expansion slot for offer/mixed_act; target source type human_written_naturalistic.,,,todo
offer_exp_099,offer,mixed_act,synthetic,accept_or_decline_offer,[],,,Expansion slot for offer/mixed_act; target source type synthetic.,,,todo
offer_exp_100,offer,mixed_act,human_written_naturalistic,accept_or_decline_offer,[],,,Expansion slot for offer/mixed_act; target source type human_written_naturalistic.,,,todo
offer_exp_101,offer,mixed_act,synthetic,accept_or_decline_offer,[],,,Expansion slot for offer/mixed_act; target source type synthetic.,,,todo
offer_exp_102,offer,mixed_act,human_written_naturalistic,accept_or_decline_offer,[],,,Expansion slot for offer/mixed_act; target source type human_written_naturalistic.,,,todo
offer_exp_103,offer,mixed_act,synthetic,accept_or_decline_offer,[],,,Expansion slot for offer/mixed_act; target source type synthetic.,,,todo
offer_exp_104,offer,mixed_act,human_written_naturalistic,accept_or_decline_offer,[],,,Expansion slot for offer/mixed_act; target source type human_written_naturalistic.,,,todo
offer_exp_105,offer,mixed_act,synthetic,accept_or_decline_offer,[],,,Expansion slot for offer/mixed_act; target source type synthetic.,,,todo
offer_exp_106,offer,mixed_act,human_written_naturalistic,accept_or_decline_offer,[],,,Expansion slot for offer/mixed_act; target source type human_written_naturalistic.,,,todo
offer_exp_107,offer,mixed_act,synthetic,accept_or_decline_offer,[],,,Expansion slot for offer/mixed_act; target source type synthetic.,,,todo
offer_exp_108,offer,mixed_act,human_written_naturalistic,accept_or_decline_offer,[],,,Expansion slot for offer/mixed_act; target source type human_written_naturalistic.,,,todo
offer_exp_109,offer,mixed_act,synthetic,accept_or_decline_offer,[],,,Expansion slot for offer/mixed_act; target source type synthetic.,,,todo
offer_exp_110,offer,mixed_act,human_written_naturalistic,accept_or_decline_offer,[],,,Expansion slot for offer/mixed_act; target source type human_written_naturalistic.,,,todo
offer_exp_111,offer,mixed_act,synthetic,accept_or_decline_offer,[],,,Expansion slot for offer/mixed_act; target source type synthetic.,,,todo
offer_exp_112,offer,mixed_act,human_written_naturalistic,accept_or_decline_offer,[],,,Expansion slot for offer/mixed_act; target source type human_written_naturalistic.,,,todo
offer_exp_113,offer,mixed_act,synthetic,accept_or_decline_offer,[],,,Expansion slot for offer/mixed_act; target source type synthetic.,,,todo
offer_exp_114,offer,mixed_act,human_written_naturalistic,accept_or_decline_offer,[],,,Expansion slot for offer/mixed_act; target source type human_written_naturalistic.,,,todo
offer_exp_115,offer,mixed_act,synthetic,accept_or_decline_offer,[],,,Expansion slot for offer/mixed_act; target source type synthetic.,,,todo
offer_exp_116,offer,mixed_act,human_written_naturalistic,accept_or_decline_offer,[],,,Expansion slot for offer/mixed_act; target source type human_written_naturalistic.,,,todo
offer_exp_117,offer,mixed_act,synthetic,accept_or_decline_offer,[],,,Expansion slot for offer/mixed_act; target source type synthetic.,,,todo
offer_exp_118,offer,mixed_act,human_written_naturalistic,accept_or_decline_offer,[],,,Expansion slot for offer/mixed_act; target source type human_written_naturalistic.,,,todo
